INSERT INTO profile (id, username, password, salt, description, body)
VALUES (5, 'opinionpedia', 'password', 'salt', NULL, NULL);

INSERT INTO question (id, profile_id, prompt, description)
VALUES (10, 5, 'Is George Washington a good US president?', 'How does the world see US president George Washington today, would you consider him good or bad?'),
       (11, 5, 'Is John Adams a good US president?', 'How does the world see US president John Adams today, would you consider him good or bad?'),
       (12, 5, 'Is Thomas Jefferson a good US president?', 'How does the world see US president Thomas Jefferson today, would you consider him good or bad?'),
       (13, 5, 'Is James Madison a good US president?', 'How does the world see US president James Madison today, would you consider him good or bad?'),
       (14, 5, 'Is James Monroe a good US president?', 'How does the world see US president James Monroe today, would you consider him good or bad?'),
       (15, 5, 'Is John Quincy Adams a good US president?', 'How does the world see US president John Quincy Adams today, would you consider him good or bad?'),
       (16, 5, 'Is Andrew Jackson a good US president?', 'How does the world see US president Andrew Jackson today, would you consider him good or bad?'),
       (17, 5, 'Is Martin Van Buren a good US president?', 'How does the world see US president Martin Van Buren today, would you consider him good or bad?'),
       (18, 5, 'Is William Henry Harrison a good US president?', 'How does the world see US president William Henry Harrison today, would you consider him good or bad?'),
       (19, 5, 'Is John Tyler a good US president?', 'How does the world see US president John Tyler today, would you consider him good or bad?'),
       (20, 5, 'Is James K. Polk a good US president?', 'How does the world see US president James K. Polk today, would you consider him good or bad?'),
       (21, 5, 'Is Zachary Taylor a good US president?', 'How does the world see US president Zachary Taylor today, would you consider him good or bad?'),
       (22, 5, 'Is Millard Fillmore a good US president?', 'How does the world see US president Millard Fillmore today, would you consider him good or bad?'),
       (23, 5, 'Is Franklin Pierce a good US president?', 'How does the world see US president Franklin Pierce today, would you consider him good or bad?'),
       (24, 5, 'Is James Buchanan a good US president?', 'How does the world see US president James Buchanan today, would you consider him good or bad?'),
       (25, 5, 'Is Abraham Lincoln a good US president?', 'How does the world see US president Abraham Lincoln today, would you consider him good or bad?'),
       (26, 5, 'Is Andrew Johnson a good US president?', 'How does the world see US president Andrew Johnson today, would you consider him good or bad?'),
       (27, 5, 'Is Ulysses S. Grant a good US president?', 'How does the world see US president Ulysses S. Grant today, would you consider him good or bad?'),
       (28, 5, 'Is Rutherford B. Hayes a good US president?', 'How does the world see US president Rutherford B. Hayes today, would you consider him good or bad?'),
       (29, 5, 'Is James A. Garfield a good US president?', 'How does the world see US president James A. Garfield today, would you consider him good or bad?'),
       (30, 5, 'Is Chester A. Arthur a good US president?', 'How does the world see US president Chester A. Arthur today, would you consider him good or bad?'),
       (31, 5, 'Is Grover Cleveland a good US president?', 'How does the world see US president Grover Cleveland today, would you consider him good or bad?'),
       (32, 5, 'Is Benjamin Harrison a good US president?', 'How does the world see US president Benjamin Harrison today, would you consider him good or bad?'),
       (33, 5, 'Is Grover Cleveland a good US president?', 'How does the world see US president Grover Cleveland today, would you consider him good or bad?'),
       (34, 5, 'Is William McKinley a good US president?', 'How does the world see US president William McKinley today, would you consider him good or bad?'),
       (35, 5, 'Is Theodore Roosevelt a good US president?', 'How does the world see US president Theodore Roosevelt today, would you consider him good or bad?'),
       (36, 5, 'Is William Howard Taft a good US president?', 'How does the world see US president William Howard Taft today, would you consider him good or bad?'),
       (37, 5, 'Is Woodrow Wilson a good US president?', 'How does the world see US president Woodrow Wilson today, would you consider him good or bad?'),
       (38, 5, 'Is Warren G. Harding a good US president?', 'How does the world see US president Warren G. Harding today, would you consider him good or bad?'),
       (39, 5, 'Is Calvin Coolidge a good US president?', 'How does the world see US president Calvin Coolidge today, would you consider him good or bad?'),
       (40, 5, 'Is Herbert Hoover a good US president?', 'How does the world see US president Herbert Hoover today, would you consider him good or bad?'),
       (41, 5, 'Is Franklin D. Roosevelt a good US president?', 'How does the world see US president Franklin D. Roosevelt today, would you consider him good or bad?'),
       (42, 5, 'Is Harry S. Truman a good US president?', 'How does the world see US president Harry S. Truman today, would you consider him good or bad?'),
       (43, 5, 'Is Dwight D. Eisenhower a good US president?', 'How does the world see US president Dwight D. Eisenhower today, would you consider him good or bad?'),
       (44, 5, 'Is John F. Kennedy a good US president?', 'How does the world see US president John F. Kennedy today, would you consider him good or bad?'),
       (45, 5, 'Is Lyndon B. Johnson a good US president?', 'How does the world see US president Lyndon B. Johnson today, would you consider him good or bad?'),
       (46, 5, 'Is Richard Nixon a good US president?', 'How does the world see US president Richard Nixon today, would you consider him good or bad?'),
       (47, 5, 'Is Gerald Ford a good US president?', 'How does the world see US president Gerald Ford today, would you consider him good or bad?'),
       (48, 5, 'Is Jimmy Carter a good US president?', 'How does the world see US president Jimmy Carter today, would you consider him good or bad?'),
       (49, 5, 'Is Ronald Reagan a good US president?', 'How does the world see US president Ronald Reagan today, would you consider him good or bad?'),
       (50, 5, 'Is George H. W. Bush a good US president?', 'How does the world see US president George H. W. Bush today, would you consider him good or bad?'),
       (51, 5, 'Is Bill Clinton a good US president?', 'How does the world see US president Bill Clinton today, would you consider him good or bad?'),
       (52, 5, 'Is George W. Bush a good US president?', 'How does the world see US president George W. Bush today, would you consider him good or bad?'),
       (53, 5, 'Is Barack Obama a good US president?', 'How does the world see US president Barack Obama today, would you consider him good or bad?'),
       (54, 5, 'Is Donald Trum a good US president?', 'How does the world see US president Donald Trum today, would you consider him good or bad?');

INSERT INTO tag (id, profile_id, name, description)
VALUES (3, 5, '3', NULL),
       (4, 5, '4', NULL),
       (6, 5, '6', NULL),
       (10, 5, '10', NULL),
       (26, 5, '26', NULL),
       (27, 5, '27', NULL),
       (28, 5, '28', NULL),
       (29, 5, '29', NULL),
       (30, 5, '30', NULL),
       (31, 5, '31', NULL);

INSERT INTO question_tag (tag_id, question_id)
VALUES (1, 10),
       (1, 11),
       (1, 12),
       (1, 13),
       (1, 14),
       (1, 15),
       (1, 16),
       (1, 17),
       (1, 18),
       (1, 19),
       (1, 20),
       (1, 21),
       (1, 22),
       (1, 23),
       (1, 24),
       (1, 25),
       (1, 26),
       (1, 27),
       (1, 28),
       (1, 29),
       (1, 30),
       (1, 31),
       (1, 32),
       (1, 33),
       (1, 34),
       (1, 35),
       (1, 36),
       (1, 37),
       (1, 38),
       (1, 39),
       (1, 40),
       (1, 41),
       (1, 42),
       (1, 43),
       (1, 44),
       (1, 45),
       (1, 46),
       (1, 47),
       (1, 48),
       (1, 49),
       (1, 50),
       (1, 51),
       (1, 52),
       (1, 53),
       (1, 54),
       (3, 10),
       (3, 11),
       (3, 12),
       (3, 13),
       (3, 14),
       (3, 15),
       (3, 16),
       (3, 17),
       (3, 18),
       (3, 19),
       (3, 20),
       (3, 21),
       (3, 22),
       (3, 23),
       (3, 24),
       (3, 25),
       (3, 26),
       (3, 27),
       (3, 28),
       (3, 29),
       (3, 30),
       (3, 31),
       (3, 32),
       (3, 33),
       (3, 34),
       (3, 35),
       (3, 36),
       (3, 37),
       (3, 38),
       (3, 39),
       (3, 40),
       (3, 41),
       (3, 42),
       (3, 43),
       (3, 44),
       (3, 45),
       (3, 46),
       (3, 47),
       (3, 48),
       (3, 49),
       (3, 50),
       (3, 51),
       (3, 52),
       (3, 53),
       (3, 54),
       (4, 10),
       (4, 11),
       (4, 12),
       (4, 13),
       (4, 14),
       (4, 15),
       (4, 16),
       (4, 17),
       (4, 18),
       (4, 19),
       (4, 20),
       (4, 21),
       (4, 22),
       (4, 23),
       (4, 24),
       (4, 25),
       (4, 26),
       (4, 27),
       (4, 28),
       (4, 29),
       (4, 30),
       (4, 31),
       (4, 32),
       (4, 33),
       (4, 34),
       (4, 35),
       (4, 36),
       (4, 37),
       (4, 38),
       (4, 39),
       (4, 40),
       (4, 41),
       (4, 42),
       (4, 43),
       (4, 44),
       (4, 45),
       (4, 46),
       (4, 47),
       (4, 48),
       (4, 49),
       (4, 50),
       (4, 51),
       (4, 52),
       (4, 53),
       (4, 54),
       (6, 10),
       (6, 11),
       (6, 12),
       (6, 13),
       (6, 14),
       (6, 15),
       (6, 16),
       (6, 17),
       (6, 18),
       (6, 19),
       (6, 20),
       (6, 21),
       (6, 22),
       (6, 23),
       (6, 24),
       (6, 25),
       (6, 26),
       (6, 27),
       (6, 28),
       (6, 29),
       (6, 30),
       (6, 31),
       (6, 32),
       (6, 33),
       (6, 34),
       (6, 35),
       (6, 36),
       (6, 37),
       (6, 38),
       (6, 39),
       (6, 40),
       (6, 41),
       (6, 42),
       (6, 43),
       (6, 44),
       (6, 45),
       (6, 46),
       (6, 47),
       (6, 48),
       (6, 49),
       (6, 50),
       (6, 51),
       (6, 52),
       (6, 53),
       (6, 54),
       (10, 10),
       (10, 11),
       (10, 12),
       (10, 13),
       (10, 14),
       (10, 15),
       (10, 16),
       (10, 17),
       (10, 18),
       (10, 19),
       (10, 20),
       (10, 21),
       (10, 22),
       (10, 23),
       (10, 24),
       (10, 25),
       (10, 26),
       (10, 27),
       (10, 28),
       (10, 29),
       (10, 30),
       (10, 31),
       (10, 32),
       (10, 33),
       (10, 34),
       (10, 35),
       (10, 36),
       (10, 37),
       (10, 38),
       (10, 39),
       (10, 40),
       (10, 41),
       (10, 42),
       (10, 43),
       (10, 44),
       (10, 45),
       (10, 46),
       (10, 47),
       (10, 48),
       (10, 49),
       (10, 50),
       (10, 51),
       (10, 52),
       (10, 53),
       (10, 54),
       (26, 10),
       (26, 11),
       (26, 12),
       (26, 13),
       (26, 14),
       (26, 15),
       (26, 16),
       (26, 17),
       (26, 18),
       (26, 19),
       (26, 20),
       (26, 21),
       (26, 22),
       (26, 23),
       (26, 24),
       (26, 25),
       (26, 26),
       (26, 27),
       (26, 28),
       (26, 29),
       (26, 30),
       (26, 31),
       (26, 32),
       (26, 33),
       (26, 34),
       (26, 35),
       (26, 36),
       (26, 37),
       (26, 38),
       (26, 39),
       (26, 40),
       (26, 41),
       (26, 42),
       (26, 43),
       (26, 44),
       (26, 45),
       (26, 46),
       (26, 47),
       (26, 48),
       (26, 49),
       (26, 50),
       (26, 51),
       (26, 52),
       (26, 53),
       (26, 54),
       (27, 10),
       (27, 11),
       (27, 12),
       (27, 13),
       (27, 14),
       (27, 15),
       (27, 16),
       (27, 17),
       (27, 18),
       (27, 19),
       (27, 20),
       (27, 21),
       (27, 22),
       (27, 23),
       (27, 24),
       (27, 25),
       (27, 26),
       (27, 27),
       (27, 28),
       (27, 29),
       (27, 30),
       (27, 31),
       (27, 32),
       (27, 33),
       (27, 34),
       (27, 35),
       (27, 36),
       (27, 37),
       (27, 38),
       (27, 39),
       (27, 40),
       (27, 41),
       (27, 42),
       (27, 43),
       (27, 44),
       (27, 45),
       (27, 46),
       (27, 47),
       (27, 48),
       (27, 49),
       (27, 50),
       (27, 51),
       (27, 52),
       (27, 53),
       (27, 54),
       (28, 10),
       (28, 11),
       (28, 12),
       (28, 13),
       (28, 14),
       (28, 15),
       (28, 16),
       (28, 17),
       (28, 18),
       (28, 19),
       (28, 20),
       (28, 21),
       (28, 22),
       (28, 23),
       (28, 24),
       (28, 25),
       (28, 26),
       (28, 27),
       (28, 28),
       (28, 29),
       (28, 30),
       (28, 31),
       (28, 32),
       (28, 33),
       (28, 34),
       (28, 35),
       (28, 36),
       (28, 37),
       (28, 38),
       (28, 39),
       (28, 40),
       (28, 41),
       (28, 42),
       (28, 43),
       (28, 44),
       (28, 45),
       (28, 46),
       (28, 47),
       (28, 48),
       (28, 49),
       (28, 50),
       (28, 51),
       (28, 52),
       (28, 53),
       (28, 54),
       (29, 10),
       (29, 11),
       (29, 12),
       (29, 13),
       (29, 14),
       (29, 15),
       (29, 16),
       (29, 17),
       (29, 18),
       (29, 19),
       (29, 20),
       (29, 21),
       (29, 22),
       (29, 23),
       (29, 24),
       (29, 25),
       (29, 26),
       (29, 27),
       (29, 28),
       (29, 29),
       (29, 30),
       (29, 31),
       (29, 32),
       (29, 33),
       (29, 34),
       (29, 35),
       (29, 36),
       (29, 37),
       (29, 38),
       (29, 39),
       (29, 40),
       (29, 41),
       (29, 42),
       (29, 43),
       (29, 44),
       (29, 45),
       (29, 46),
       (29, 47),
       (29, 48),
       (29, 49),
       (29, 50),
       (29, 51),
       (29, 52),
       (29, 53),
       (29, 54),
       (30, 10),
       (30, 11),
       (30, 12),
       (30, 13),
       (30, 14),
       (30, 15),
       (30, 16),
       (30, 17),
       (30, 18),
       (30, 19),
       (30, 20),
       (30, 21),
       (30, 22),
       (30, 23),
       (30, 24),
       (30, 25),
       (30, 26),
       (30, 27),
       (30, 28),
       (30, 29),
       (30, 30),
       (30, 31),
       (30, 32),
       (30, 33),
       (30, 34),
       (30, 35),
       (30, 36),
       (30, 37),
       (30, 38),
       (30, 39),
       (30, 40),
       (30, 41),
       (30, 42),
       (30, 43),
       (30, 44),
       (30, 45),
       (30, 46),
       (30, 47),
       (30, 48),
       (30, 49),
       (30, 50),
       (30, 51),
       (30, 52),
       (30, 53),
       (30, 54),
       (31, 10),
       (31, 11),
       (31, 12),
       (31, 13),
       (31, 14),
       (31, 15),
       (31, 16),
       (31, 17),
       (31, 18),
       (31, 19),
       (31, 20),
       (31, 21),
       (31, 22),
       (31, 23),
       (31, 24),
       (31, 25),
       (31, 26),
       (31, 27),
       (31, 28),
       (31, 29),
       (31, 30),
       (31, 31),
       (31, 32),
       (31, 33),
       (31, 34),
       (31, 35),
       (31, 36),
       (31, 37),
       (31, 38),
       (31, 39),
       (31, 40),
       (31, 41),
       (31, 42),
       (31, 43),
       (31, 44),
       (31, 45),
       (31, 46),
       (31, 47),
       (31, 48),
       (31, 49),
       (31, 50),
       (31, 51),
       (31, 52),
       (31, 53),
       (31, 54);
