INSERT INTO profile (id, username, password, salt, description, body)
VALUES (5, 'opinionpedia', 'password', 'salt', NULL, NULL);

INSERT INTO tag (id, profile_id, name, description)
VALUES (1, 5, 'Political', 'A set of activities that are associated with making decisions in a group'),
       (2, 5, 'Man', 'An adult male human'),
       (3, 5, 'Politics', 'A set of activities that are associated with making decisions in a group'),
       (4, 5, 'Corruption', 'A form of dishonesty or criminal offense undertaken by a person or organization entrusted with a position of authority, to acquire illicit benefit or abuse power for one''s private gain'),
       (5, 5, 'Freedom', 'The ability to act or change without constraint. Something is "free" if it can change easily and is not constrained in its present state'),
       (6, 5, 'Integrity', 'The practice of being honest and showing a consistent and uncompromising adherence to strong moral and ethical principles and values'),
       (7, 5, 'Health', 'A state of physical, mental and social well-being in which disease and infirmity are absent'),
       (8, 5, 'Wealth', 'The abundance of valuable financial assets or physical possessions which can be converted into a form that can be used for transactions'),
       (9, 5, 'Education', 'The process of facilitating learning, or the acquisition of knowledge, skills, values, beliefs, and habits'),
       (10, 5, 'Public Education', 'Generally primary or secondary schools mandated for or offered to all children without charge, funded in whole or in part by taxation'),
       (11, 5, 'Health Care', 'The maintenance or improvement of health via the prevention, diagnosis, treatment, recovery, or cure of disease, illness, injury, and other physical and mental impairments in people'),
       (12, 5, 'Public Health', 'The science and art of preventing disease, prolonging life and improving quality of life through organized efforts and informed choices of society, organizations, public and private, communities and individuals'),
       (13, 5, 'Sociology', ' The study of society, patterns of social relationships, social interaction, and culture that surrounds everyday life'),
       (14, 5, 'Food', 'Any substance consumed to provide nutritional support for an organism'),
       (15, 5, 'Hunger', 'A condition in which a person, for a sustained period, is unable to eat sufficient food to meet basic nutritional needs'),
       (16, 5, 'Prejudice', 'An affective feeling towards a person based on their perceived group membership'),
       (17, 5, 'Racism', 'The belief that groups of humans possess different behavioral traits corresponding to physical appearance and can be divided based on the superiority of one race over another'),
       (18, 5, 'Equality', 'The equal treatment of people irrespective of social or cultural differences'),
       (19, 5, 'Discrimination', 'Distinct treatment of an individual or group to their disadvantage; treatment or consideration based on class or category rather than individual merit; partiality; prejudice; bigotry'),       
       (20, 5, 'Money', ''),
       (21, 5, 'Economics', ''),
       (22, 5, 'Technology', ''),
       (23, 5, 'Innovation', ''),
       (24, 5, 'Science', ''),
       (25, 5, 'Violence', ''),
       (26, 5, 'United States of America', ''),
       (27, 5, 'America', ''),
       (28, 5, 'USA', ''),
       (29, 5, 'US', ''),
       (30, 5, 'President', ''),
       (31, 5, 'Federal', '');

INSERT INTO question (id, profile_id, prompt, description)
 VALUES (2, 5, 'Is George Washington a good US president?', 'How does the world see US president George Washington today, would you consider him good or bad?'),
		(3, 5, 'Is John Adams a good US president?', 'How does the world see US president John Adams today, would you consider him good or bad?'),
		(4, 5, 'Is Thomas Jefferson a good US president?', 'How does the world see US president Thomas Jefferson today, would you consider him good or bad?'),
		(5, 5, 'Is James Madison a good US president?', 'How does the world see US president James Madison today, would you consider him good or bad?'),
		(6, 5, 'Is James Monroe a good US president?', 'How does the world see US president James Monroe today, would you consider him good or bad?'),
		(7, 5, 'Is John Quincy Adams a good US president?', 'How does the world see US president John Quincy Adams today, would you consider him good or bad?'),
		(8, 5, 'Is Andrew Jackson a good US president?', 'How does the world see US president Andrew Jackson today, would you consider him good or bad?'),
		(9, 5, 'Is Martin Van Buren a good US president?', 'How does the world see US president Martin Van Buren today, would you consider him good or bad?'),
		(10, 5, 'Is William Henry Harrison a good US president?', 'How does the world see US president William Henry Harrison today, would you consider him good or bad?'),
		(11, 5, 'Is John Tyler a good US president?', 'How does the world see US president John Tyler today, would you consider him good or bad?'),
		(12, 5, 'Is James K. Polk a good US president?', 'How does the world see US president James K. Polk today, would you consider him good or bad?'),
		(13, 5, 'Is Zachary Taylor a good US president?', 'How does the world see US president Zachary Taylor today, would you consider him good or bad?'),
		(14, 5, 'Is Millard Fillmore a good US president?', 'How does the world see US president Millard Fillmore today, would you consider him good or bad?'),
		(15, 5, 'Is Franklin Pierce a good US president?', 'How does the world see US president Franklin Pierce today, would you consider him good or bad?'),
		(16, 5, 'Is James Buchanan a good US president?', 'How does the world see US president James Buchanan today, would you consider him good or bad?'),
		(17, 5, 'Is Abraham Lincoln a good US president?', 'How does the world see US president Abraham Lincoln today, would you consider him good or bad?'),
		(18, 5, 'Is Andrew Johnson a good US president?', 'How does the world see US president Andrew Johnson today, would you consider him good or bad?'),
		(19, 5, 'Is Ulysses S. Grant a good US president?', 'How does the world see US president Ulysses S. Grant today, would you consider him good or bad?'),
		(20, 5, 'Is Rutherford B. Hayes a good US president?', 'How does the world see US president Rutherford B. Hayes today, would you consider him good or bad?'),
		(21, 5, 'Is James A. Garfield a good US president?', 'How does the world see US president James A. Garfield today, would you consider him good or bad?'),
		(22, 5, 'Is Chester A. Arthur a good US president?', 'How does the world see US president Chester A. Arthur today, would you consider him good or bad?'),
		(23, 5, 'Is Grover Cleveland a good US president?', 'How does the world see US president Grover Cleveland today, would you consider him good or bad?'),
		(24, 5, 'Is Benjamin Harrison a good US president?', 'How does the world see US president Benjamin Harrison today, would you consider him good or bad?'),
		(25, 5, 'Is Grover Cleveland a good US president?', 'How does the world see US president Grover Cleveland today, would you consider him good or bad?'),
		(26, 5, 'Is William McKinley a good US president?', 'How does the world see US president William McKinley today, would you consider him good or bad?'),
		(27, 5, 'Is Theodore Roosevelt a good US president?', 'How does the world see US president Theodore Roosevelt today, would you consider him good or bad?'),
		(28, 5, 'Is William Howard Taft a good US president?', 'How does the world see US president William Howard Taft today, would you consider him good or bad?'),
		(29, 5, 'Is Woodrow Wilson a good US president?', 'How does the world see US president Woodrow Wilson today, would you consider him good or bad?'),
		(30, 5, 'Is Warren G. Harding a good US president?', 'How does the world see US president Warren G. Harding today, would you consider him good or bad?'),
		(31, 5, 'Is Calvin Coolidge a good US president?', 'How does the world see US president Calvin Coolidge today, would you consider him good or bad?'),
		(32, 5, 'Is Herbert Hoover a good US president?', 'How does the world see US president Herbert Hoover today, would you consider him good or bad?'),
		(33, 5, 'Is Franklin D. Roosevelt a good US president?', 'How does the world see US president Franklin D. Roosevelt today, would you consider him good or bad?'),
		(34, 5, 'Is Harry S. Truman a good US president?', 'How does the world see US president Harry S. Truman today, would you consider him good or bad?'),
		(35, 5, 'Is Dwight D. Eisenhower a good US president?', 'How does the world see US president Dwight D. Eisenhower today, would you consider him good or bad?'),
		(36, 5, 'Is John F. Kennedy a good US president?', 'How does the world see US president John F. Kennedy today, would you consider him good or bad?'),
		(37, 5, 'Is Lyndon B. Johnson a good US president?', 'How does the world see US president Lyndon B. Johnson today, would you consider him good or bad?'),
		(38, 5, 'Is Richard Nixon a good US president?', 'How does the world see US president Richard Nixon today, would you consider him good or bad?'),
		(39, 5, 'Is Gerald Ford a good US president?', 'How does the world see US president Gerald Ford today, would you consider him good or bad?'),
		(40, 5, 'Is Jimmy Carter a good US president?', 'How does the world see US president Jimmy Carter today, would you consider him good or bad?'),
		(41, 5, 'Is Ronald Reagan a good US president?', 'How does the world see US president Ronald Reagan today, would you consider him good or bad?'),
		(42, 5, 'Is George H. W. Bush a good US president?', 'How does the world see US president George H. W. Bush today, would you consider him good or bad?'),
		(43, 5, 'Is Bill Clinton a good US president?', 'How does the world see US president Bill Clinton today, would you consider him good or bad?'),
		(44, 5, 'Is George W. Bush a good US president?', 'How does the world see US president George W. Bush today, would you consider him good or bad?'),
		(45, 5, 'Is Barack Obama a good US president?', 'How does the world see US president Barack Obama today, would you consider him good or bad?'),
		(46, 5, 'Is Donald Trump a good US president?', 'How does the world see US president Donald Trump today, would you consider him good or bad?');

INSERT INTO option_ (id, profile_id, question_id, prompt, description)
 VALUES (1, 5, 1, "Yes", NULL),
		(2, 5, 1, "No", NULL),
		(3, 5, 1, "Not Sure", NULL),
		(4, 5, 2, "Yes", NULL),
		(5, 5, 2, "No", NULL),
		(6, 5, 2, "Not Sure", NULL),
		(7, 5, 3, "Yes", NULL),
		(8, 5, 3, "No", NULL),
		(9, 5, 3, "Not Sure", NULL),
		(10, 5, 4, "Yes", NULL),
		(11, 5, 4, "No", NULL),
		(12, 5, 4, "Not Sure", NULL),
		(13, 5, 5, "Yes", NULL),
		(14, 5, 5, "No", NULL),
		(15, 5, 5, "Not Sure", NULL),
		(16, 5, 6, "Yes", NULL),
		(17, 5, 6, "No", NULL),
		(18, 5, 6, "Not Sure", NULL),
		(19, 5, 7, "Yes", NULL),
		(20, 5, 7, "No", NULL),
		(21, 5, 7, "Not Sure", NULL),
		(22, 5, 8, "Yes", NULL),
		(23, 5, 8, "No", NULL),
		(24, 5, 8, "Not Sure", NULL),
		(25, 5, 9, "Yes", NULL),
		(26, 5, 9, "No", NULL),
		(27, 5, 9, "Not Sure", NULL),
		(28, 5, 10, "Yes", NULL),
		(29, 5, 10, "No", NULL),
		(30, 5, 10, "Not Sure", NULL),
		(31, 5, 11, "Yes", NULL),
		(32, 5, 11, "No", NULL),
		(33, 5, 11, "Not Sure", NULL),
		(34, 5, 12, "Yes", NULL),
		(35, 5, 12, "No", NULL),
		(36, 5, 12, "Not Sure", NULL),
		(37, 5, 13, "Yes", NULL),
		(38, 5, 13, "No", NULL),
		(39, 5, 13, "Not Sure", NULL),
		(40, 5, 14, "Yes", NULL),
		(41, 5, 14, "No", NULL),
		(42, 5, 14, "Not Sure", NULL),
		(43, 5, 15, "Yes", NULL),
		(44, 5, 15, "No", NULL),
		(45, 5, 15, "Not Sure", NULL),
		(46, 5, 16, "Yes", NULL),
		(47, 5, 16, "No", NULL),
		(48, 5, 16, "Not Sure", NULL),
		(49, 5, 17, "Yes", NULL),
		(50, 5, 17, "No", NULL),
		(51, 5, 17, "Not Sure", NULL),
		(52, 5, 18, "Yes", NULL),
		(53, 5, 18, "No", NULL),
		(54, 5, 18, "Not Sure", NULL),
		(55, 5, 19, "Yes", NULL),
		(56, 5, 19, "No", NULL),
		(57, 5, 19, "Not Sure", NULL),
		(58, 5, 20, "Yes", NULL),
		(59, 5, 20, "No", NULL),
		(60, 5, 20, "Not Sure", NULL),
		(61, 5, 21, "Yes", NULL),
		(62, 5, 21, "No", NULL),
		(63, 5, 21, "Not Sure", NULL),
		(64, 5, 22, "Yes", NULL),
		(65, 5, 22, "No", NULL),
		(66, 5, 22, "Not Sure", NULL),
		(67, 5, 23, "Yes", NULL),
		(68, 5, 23, "No", NULL),
		(69, 5, 23, "Not Sure", NULL),
		(70, 5, 24, "Yes", NULL),
		(71, 5, 24, "No", NULL),
		(72, 5, 24, "Not Sure", NULL),
		(73, 5, 25, "Yes", NULL),
		(74, 5, 25, "No", NULL),
		(75, 5, 25, "Not Sure", NULL),
		(76, 5, 26, "Yes", NULL),
		(77, 5, 26, "No", NULL),
		(78, 5, 26, "Not Sure", NULL),
		(79, 5, 27, "Yes", NULL),
		(80, 5, 27, "No", NULL),
		(81, 5, 27, "Not Sure", NULL),
		(82, 5, 28, "Yes", NULL),
		(83, 5, 28, "No", NULL),
		(84, 5, 28, "Not Sure", NULL),
		(85, 5, 29, "Yes", NULL),
		(86, 5, 29, "No", NULL),
		(87, 5, 29, "Not Sure", NULL),
		(88, 5, 30, "Yes", NULL),
		(89, 5, 30, "No", NULL),
		(90, 5, 30, "Not Sure", NULL),
		(91, 5, 31, "Yes", NULL),
		(92, 5, 31, "No", NULL),
		(93, 5, 31, "Not Sure", NULL),
		(94, 5, 32, "Yes", NULL),
		(95, 5, 32, "No", NULL),
		(96, 5, 32, "Not Sure", NULL),
		(97, 5, 33, "Yes", NULL),
		(98, 5, 33, "No", NULL),
		(99, 5, 33, "Not Sure", NULL),
		(100, 5, 34, "Yes", NULL),
		(101, 5, 34, "No", NULL),
		(102, 5, 34, "Not Sure", NULL),
		(103, 5, 35, "Yes", NULL),
		(104, 5, 35, "No", NULL),
		(105, 5, 35, "Not Sure", NULL),
		(106, 5, 36, "Yes", NULL),
		(107, 5, 36, "No", NULL),
		(108, 5, 36, "Not Sure", NULL),
		(109, 5, 37, "Yes", NULL),
		(110, 5, 37, "No", NULL),
		(111, 5, 37, "Not Sure", NULL),
		(112, 5, 38, "Yes", NULL),
		(113, 5, 38, "No", NULL),
		(114, 5, 38, "Not Sure", NULL),
		(115, 5, 39, "Yes", NULL),
		(116, 5, 39, "No", NULL),
		(117, 5, 39, "Not Sure", NULL),
		(118, 5, 40, "Yes", NULL),
		(119, 5, 40, "No", NULL),
		(120, 5, 40, "Not Sure", NULL),
		(121, 5, 41, "Yes", NULL),
		(122, 5, 41, "No", NULL),
		(123, 5, 41, "Not Sure", NULL),
		(124, 5, 42, "Yes", NULL),
		(125, 5, 42, "No", NULL),
		(126, 5, 42, "Not Sure", NULL),
		(127, 5, 43, "Yes", NULL),
		(128, 5, 43, "No", NULL),
		(129, 5, 43, "Not Sure", NULL),
		(130, 5, 44, "Yes", NULL),
		(131, 5, 44, "No", NULL),
		(132, 5, 44, "Not Sure", NULL),
		(133, 5, 45, "Yes", NULL),
		(134, 5, 45, "No", NULL),
		(135, 5, 45, "Not Sure", NULL);

INSERT INTO question_tag (tag_id, question_id)
 VALUES (1, 1),
		(1, 2),
		(1, 3),
		(1, 4),
		(1, 5),
		(1, 6),
		(1, 7),
		(1, 8),
		(1, 9),
		(1, 10),
		(1, 11),
		(1, 12),
		(1, 13),
		(1, 14),
		(1, 15),
		(1, 16),
		(1, 17),
		(1, 18),
		(1, 19),
		(1, 20),
		(1, 21),
		(1, 22),
		(1, 23),
		(1, 24),
		(1, 25),
		(1, 26),
		(1, 27),
		(1, 28),
		(1, 29),
		(1, 30),
		(1, 31),
		(1, 32),
		(1, 33),
		(1, 34),
		(1, 35),
		(1, 36),
		(1, 37),
		(1, 38),
		(1, 39),
		(1, 40),
		(1, 41),
		(1, 42),
		(1, 43),
		(1, 44),
		(1, 45),
		(1, 46),
		(3, 1),
		(3, 2),
		(3, 3),
		(3, 4),
		(3, 5),
		(3, 6),
		(3, 7),
		(3, 8),
		(3, 9),
		(3, 10),
		(3, 11),
		(3, 12),
		(3, 13),
		(3, 14),
		(3, 15),
		(3, 16),
		(3, 17),
		(3, 18),
		(3, 19),
		(3, 20),
		(3, 21),
		(3, 22),
		(3, 23),
		(3, 24),
		(3, 25),
		(3, 26),
		(3, 27),
		(3, 28),
		(3, 29),
		(3, 30),
		(3, 31),
		(3, 32),
		(3, 33),
		(3, 34),
		(3, 35),
		(3, 36),
		(3, 37),
		(3, 38),
		(3, 39),
		(3, 40),
		(3, 41),
		(3, 42),
		(3, 43),
		(3, 44),
		(3, 45),
		(3, 46),
		(4, 1),
		(4, 2),
		(4, 3),
		(4, 4),
		(4, 5),
		(4, 6),
		(4, 7),
		(4, 8),
		(4, 9),
		(4, 10),
		(4, 11),
		(4, 12),
		(4, 13),
		(4, 14),
		(4, 15),
		(4, 16),
		(4, 17),
		(4, 18),
		(4, 19),
		(4, 20),
		(4, 21),
		(4, 22),
		(4, 23),
		(4, 24),
		(4, 25),
		(4, 26),
		(4, 27),
		(4, 28),
		(4, 29),
		(4, 30),
		(4, 31),
		(4, 32),
		(4, 33),
		(4, 34),
		(4, 35),
		(4, 36),
		(4, 37),
		(4, 38),
		(4, 39),
		(4, 40),
		(4, 41),
		(4, 42),
		(4, 43),
		(4, 44),
		(4, 45),
		(4, 46),
		(6, 1),
		(6, 2),
		(6, 3),
		(6, 4),
		(6, 5),
		(6, 6),
		(6, 7),
		(6, 8),
		(6, 9),
		(6, 10),
		(6, 11),
		(6, 12),
		(6, 13),
		(6, 14),
		(6, 15),
		(6, 16),
		(6, 17),
		(6, 18),
		(6, 19),
		(6, 20),
		(6, 21),
		(6, 22),
		(6, 23),
		(6, 24),
		(6, 25),
		(6, 26),
		(6, 27),
		(6, 28),
		(6, 29),
		(6, 30),
		(6, 31),
		(6, 32),
		(6, 33),
		(6, 34),
		(6, 35),
		(6, 36),
		(6, 37),
		(6, 38),
		(6, 39),
		(6, 40),
		(6, 41),
		(6, 42),
		(6, 43),
		(6, 44),
		(6, 45),
		(6, 46),
		(10, 1),
		(10, 2),
		(10, 3),
		(10, 4),
		(10, 5),
		(10, 6),
		(10, 7),
		(10, 8),
		(10, 9),
		(10, 10),
		(10, 11),
		(10, 12),
		(10, 13),
		(10, 14),
		(10, 15),
		(10, 16),
		(10, 17),
		(10, 18),
		(10, 19),
		(10, 20),
		(10, 21),
		(10, 22),
		(10, 23),
		(10, 24),
		(10, 25),
		(10, 26),
		(10, 27),
		(10, 28),
		(10, 29),
		(10, 30),
		(10, 31),
		(10, 32),
		(10, 33),
		(10, 34),
		(10, 35),
		(10, 36),
		(10, 37),
		(10, 38),
		(10, 39),
		(10, 40),
		(10, 41),
		(10, 42),
		(10, 43),
		(10, 44),
		(10, 45),
		(10, 46),
		(26, 1),
		(26, 2),
		(26, 3),
		(26, 4),
		(26, 5),
		(26, 6),
		(26, 7),
		(26, 8),
		(26, 9),
		(26, 10),
		(26, 11),
		(26, 12),
		(26, 13),
		(26, 14),
		(26, 15),
		(26, 16),
		(26, 17),
		(26, 18),
		(26, 19),
		(26, 20),
		(26, 21),
		(26, 22),
		(26, 23),
		(26, 24),
		(26, 25),
		(26, 26),
		(26, 27),
		(26, 28),
		(26, 29),
		(26, 30),
		(26, 31),
		(26, 32),
		(26, 33),
		(26, 34),
		(26, 35),
		(26, 36),
		(26, 37),
		(26, 38),
		(26, 39),
		(26, 40),
		(26, 41),
		(26, 42),
		(26, 43),
		(26, 44),
		(26, 45),
		(26, 46),
		(27, 1),
		(27, 2),
		(27, 3),
		(27, 4),
		(27, 5),
		(27, 6),
		(27, 7),
		(27, 8),
		(27, 9),
		(27, 10),
		(27, 11),
		(27, 12),
		(27, 13),
		(27, 14),
		(27, 15),
		(27, 16),
		(27, 17),
		(27, 18),
		(27, 19),
		(27, 20),
		(27, 21),
		(27, 22),
		(27, 23),
		(27, 24),
		(27, 25),
		(27, 26),
		(27, 27),
		(27, 28),
		(27, 29),
		(27, 30),
		(27, 31),
		(27, 32),
		(27, 33),
		(27, 34),
		(27, 35),
		(27, 36),
		(27, 37),
		(27, 38),
		(27, 39),
		(27, 40),
		(27, 41),
		(27, 42),
		(27, 43),
		(27, 44),
		(27, 45),
		(27, 46),
		(28, 1),
		(28, 2),
		(28, 3),
		(28, 4),
		(28, 5),
		(28, 6),
		(28, 7),
		(28, 8),
		(28, 9),
		(28, 10),
		(28, 11),
		(28, 12),
		(28, 13),
		(28, 14),
		(28, 15),
		(28, 16),
		(28, 17),
		(28, 18),
		(28, 19),
		(28, 20),
		(28, 21),
		(28, 22),
		(28, 23),
		(28, 24),
		(28, 25),
		(28, 26),
		(28, 27),
		(28, 28),
		(28, 29),
		(28, 30),
		(28, 31),
		(28, 32),
		(28, 33),
		(28, 34),
		(28, 35),
		(28, 36),
		(28, 37),
		(28, 38),
		(28, 39),
		(28, 40),
		(28, 41),
		(28, 42),
		(28, 43),
		(28, 44),
		(28, 45),
		(28, 46),
		(29, 1),
		(29, 2),
		(29, 3),
		(29, 4),
		(29, 5),
		(29, 6),
		(29, 7),
		(29, 8),
		(29, 9),
		(29, 10),
		(29, 11),
		(29, 12),
		(29, 13),
		(29, 14),
		(29, 15),
		(29, 16),
		(29, 17),
		(29, 18),
		(29, 19),
		(29, 20),
		(29, 21),
		(29, 22),
		(29, 23),
		(29, 24),
		(29, 25),
		(29, 26),
		(29, 27),
		(29, 28),
		(29, 29),
		(29, 30),
		(29, 31),
		(29, 32),
		(29, 33),
		(29, 34),
		(29, 35),
		(29, 36),
		(29, 37),
		(29, 38),
		(29, 39),
		(29, 40),
		(29, 41),
		(29, 42),
		(29, 43),
		(29, 44),
		(29, 45),
		(29, 46),
		(30, 1),
		(30, 2),
		(30, 3),
		(30, 4),
		(30, 5),
		(30, 6),
		(30, 7),
		(30, 8),
		(30, 9),
		(30, 10),
		(30, 11),
		(30, 12),
		(30, 13),
		(30, 14),
		(30, 15),
		(30, 16),
		(30, 17),
		(30, 18),
		(30, 19),
		(30, 20),
		(30, 21),
		(30, 22),
		(30, 23),
		(30, 24),
		(30, 25),
		(30, 26),
		(30, 27),
		(30, 28),
		(30, 29),
		(30, 30),
		(30, 31),
		(30, 32),
		(30, 33),
		(30, 34),
		(30, 35),
		(30, 36),
		(30, 37),
		(30, 38),
		(30, 39),
		(30, 40),
		(30, 41),
		(30, 42),
		(30, 43),
		(30, 44),
		(30, 45),
		(30, 46),
		(31, 1),
		(31, 2),
		(31, 3),
		(31, 4),
		(31, 5),
		(31, 6),
		(31, 7),
		(31, 8),
		(31, 9),
		(31, 10),
		(31, 11),
		(31, 12),
		(31, 13),
		(31, 14),
		(31, 15),
		(31, 16),
		(31, 17),
		(31, 18),
		(31, 19),
		(31, 20),
		(31, 21),
		(31, 22),
		(31, 23),
		(31, 24),
		(31, 25),
		(31, 26),
		(31, 27),
		(31, 28),
		(31, 29),
		(31, 30),
		(31, 31),
		(31, 32),
		(31, 33),
		(31, 34),
		(31, 35),
		(31, 36),
		(31, 37),
		(31, 38),
		(31, 39),
		(31, 40),
		(31, 41),
		(31, 42),
		(31, 43),
		(31, 44),
		(31, 45),
		(31, 46);

